moment,isin,name,contract_type,iz_fiz,clients_in_long,clients_in_short,short_position,long_position,change_prev_week_short_abs,change_prev_week_long_abs,change_prev_week_short_perc,change_prev_week_long_perc,
2020-05-18,HYDR,"Опцион на Фьючерсный контракт на обыкновенные акции ПАО ""РусГидро""",P,1.0000,1.0000,1.0000,40.000,40.000,,,,,
2020-05-18,HYDR,"Фьючерсный контракт на обыкновенные акции ПАО ""РусГидро""",F,1.0000,186.00,132.00,3404.0,4981.0,131.00,-132.00,0.04002,-0.02582,
2020-05-18,HYDR,"Фьючерсный контракт на обыкновенные акции ПАО ""РусГидро""",F,,9.0000,7.0000,2345.0,768.00,-100.00,163.00,-0.04090,0.26942,
2020-05-18,TATN,"Фьючерсный контракт на обыкновенные акции ПАО ""Татнефть"" им. В.Д. Шашина",F,,3.0000,10.000,753.00,201.00,-215.00,5.0000,-0.22211,0.02551,
2020-05-18,TATN,"Фьючерсный контракт на обыкновенные акции ПАО ""Татнефть"" им. В.Д. Шашина",F,1.0000,86.000,99.000,435.00,987.00,-20.000,-240.00,-0.04396,-0.19560,
2020-05-18,CHMF,"Фьючерсный контракт на обыкновенные акции ПАО ""Северсталь""",F,1.0000,53.000,37.000,126.00,214.00,4.0000,-18.000,0.03279,-0.07759,
2020-05-18,CHMF,"Фьючерсный контракт на обыкновенные акции ПАО ""Северсталь""",F,,6.0000,3.0000,152.00,64.000,-17.000,5.0000,-0.10059,0.08475,
2020-05-18,BR,Фьючерсный контракт на нефть BRENT,F,1.0000,5714.0,6025.0,204704,659123,63419,-56102,0.44887,-0.07844,
2020-05-18,BR,Опцион на Фьючерсный контракт на нефть BRENT,C,,16.000,15.000,54625,18838,-1792.0,1667.0,-0.03176,0.09708,
2020-05-18,BR,Опцион на Фьючерсный контракт на нефть BRENT,P,,20.000,8.0000,45593,29066,1591.0,-501.00,0.03616,-0.01694,
2020-05-18,BR,Опцион на Фьючерсный контракт на нефть BRENT,C,1.0000,995.00,369.00,40731,76518,2320.0,-1139.0,0.06040,-0.01467,
2020-05-18,BR,Фьючерсный контракт на нефть BRENT,F,,67.000,60.000,507277,52858,-111959,7562.0,-0.18080,0.16695,
2020-05-18,BR,Опцион на Фьючерсный контракт на нефть BRENT,P,1.0000,1071.0,295.00,47762,64289,8216.0,10308,0.20776,0.19096,
2020-05-18,Eu,Опцион на Фьючерсный контракт на курс евро - российский рубль,C,,3.0000,7.0000,81661,81450,,,,,
2020-05-18,Eu,Опцион на Фьючерсный контракт на курс евро - российский рубль,P,1.0000,10.000,7.0000,3517.0,3527.0,,,,,
2020-05-18,Eu,Опцион на Фьючерсный контракт на курс евро - российский рубль,P,,,1.0000,10.000,,,,,,
2020-05-18,Eu,Опцион на Фьючерсный контракт на курс евро - российский рубль,C,1.0000,19.000,13.000,5067.0,5278.0,1.0000,1.0000,0.00020,0.00019,
2020-05-18,Eu,Фьючерсный контракт на курс евро - российский рубль,F,,54.000,40.000,70549,58721,-6525.0,7408.0,-0.08466,0.14437,
2020-05-18,Eu,Фьючерсный контракт на курс евро - российский рубль,F,1.0000,853.00,918.00,18031,29859,8671.0,-5262.0,0.92639,-0.14982,
2020-05-18,ED,Опцион на Фьючерсный контракт на курс евро-доллар США,C,,2.0000,1.0000,14.000,69.000,-2.0000,,-0.12500,,
2020-05-18,ED,Опцион на Фьючерсный контракт на курс евро-доллар США,C,1.0000,54.000,20.000,2552.0,2497.0,26.000,24.000,0.01029,0.00970,
2020-05-18,ED,Опцион на Фьючерсный контракт на курс евро-доллар США,P,,1.0000,2.0000,58.000,14.000,,-2.0000,,-0.12500,
2020-05-18,ED,Опцион на Фьючерсный контракт на курс евро-доллар США,P,1.0000,49.000,19.000,1108.0,1152.0,21.000,23.000,0.01932,0.02037,
2020-05-18,ED,Фьючерсный контракт на курс евро-доллар США,F,,18.000,20.000,25778,30437,-8437.0,-2272.0,-0.24659,-0.06946,
2020-05-18,ED,Фьючерсный контракт на курс евро-доллар США,F,1.0000,965.00,562.00,37384,32725,450.00,-5715.0,0.01218,-0.14867,
2020-05-18,PLT,Опцион на Фьючерсный контракт на аффинированную платину в слитках,C,1.0000,2.0000,2.0000,39.000,39.000,,,,,
2020-05-18,PLT,Фьючерсный контракт на аффинированную платину в слитках,F,,7.0000,5.0000,6017.0,1569.0,-826.00,-5.0000,-0.12071,-0.00318,
2020-05-18,PLT,Фьючерсный контракт на аффинированную платину в слитках,F,1.0000,347.00,69.000,649.00,5097.0,173.00,-648.00,0.36345,-0.11279,
2020-05-18,PLT,Опцион на Фьючерсный контракт на аффинированную платину в слитках,C,,1.0000,1.0000,38.000,38.000,,,,,
2020-05-18,PLD,Фьючерсный контракт на аффинированный палладий в слитках,F,,8.0000,6.0000,296.00,647.00,-29.000,16.000,-0.08923,0.02536,
2020-05-18,PLD,Фьючерсный контракт на аффинированный палладий в слитках,F,1.0000,137.00,148.00,867.00,516.00,-33.000,-78.000,-0.03667,-0.13131,
2020-05-18,SNGP,"Опцион на Фьючерсный контракт на привилегированные акции ПАО ""Сургутнефтегаз""",P,,,1.0000,131.00,,,,,,
2020-05-18,SNGP,"Фьючерсный контракт на привилегированные акции ПАО ""Сургутнефтегаз""",F,1.0000,119.00,20.000,318.00,4364.0,-5.0000,-67.000,-0.01548,-0.01512,
2020-05-18,SNGP,"Опцион на Фьючерсный контракт на привилегированные акции ПАО ""Сургутнефтегаз""",P,1.0000,2.0000,1.0000,2.0000,133.00,,,,,
2020-05-18,SNGP,"Опцион на Фьючерсный контракт на привилегированные акции ПАО ""Сургутнефтегаз""",C,1.0000,3.0000,2.0000,33.000,33.000,,,,,
2020-05-18,SNGP,"Фьючерсный контракт на привилегированные акции ПАО ""Сургутнефтегаз""",F,,3.0000,10.000,6267.0,2221.0,-133.00,-71.000,-0.02078,-0.03098,
2020-05-18,FEES,"Фьючерсный контракт на обыкновенные акции ПАО ""ФСК ЕЭС""",F,,6.0000,8.0000,3522.0,139.00,42.000,-13.000,0.01207,-0.08553,
2020-05-18,FEES,"Фьючерсный контракт на обыкновенные акции ПАО ""ФСК ЕЭС""",F,1.0000,141.00,46.000,692.00,4075.0,-8.0000,47.000,-0.01143,0.01167,
2020-05-18,FEES,"Опцион на Фьючерсный контракт на обыкновенные акции ПАО ""ФСК ЕЭС""",C,1.0000,3.0000,2.0000,76.000,76.000,,,,,
2020-05-18,NLMK,"Опцион на Фьючерсный контракт на обыкновенные акции ПАО ""НЛМК""",C,1.0000,1.0000,1.0000,2.0000,2.0000,,,,,
2020-05-18,NLMK,"Фьючерсный контракт на обыкновенные акции ПАО ""НЛМК""",F,1.0000,69.000,83.000,1150.0,1903.0,-1.0000,-18.000,-0.00087,-0.00937,
2020-05-18,NLMK,"Опцион на Фьючерсный контракт на обыкновенные акции ПАО ""НЛМК""",P,1.0000,1.0000,1.0000,1.0000,1.0000,,,,,
2020-05-18,NLMK,"Фьючерсный контракт на обыкновенные акции ПАО ""НЛМК""",F,,2.0000,4.0000,762.00,9.0000,-9.0000,8.0000,-0.01167,8.0000,
2020-05-18,SUGR,Фьючерсный контракт на сахар-сырец,F,1.0000,7.0000,4.0000,26.000,16.000,1.0000,1.0000,0.04000,0.06667,
2020-05-18,SUGR,Фьючерсный контракт на сахар-сырец,F,,1.0000,,,10.000,,,,,
2020-05-18,AUDU,Фьючерсный контракт на курс австралийский доллар-доллар США,F,,3.0000,3.0000,2927.0,2632.0,194.00,144.00,0.07098,0.05788,
2020-05-18,AUDU,Фьючерсный контракт на курс австралийский доллар-доллар США,F,1.0000,60.000,44.000,508.00,803.00,-124.00,-74.000,-0.19620,-0.08438,
2020-05-18,GBPU,Фьючерсный контракт на курс фунт стерлингов-доллар США,F,1.0000,204.00,106.00,919.00,13974,-33.000,-2564.0,-0.03466,-0.15504,
2020-05-18,GBPU,Фьючерсный контракт на курс фунт стерлингов-доллар США,F,,4.0000,5.0000,14310,1255.0,-1346.0,1185.0,-0.08597,16.929,
2020-05-18,OFZ2,"Фьючерсный контракт на ""двухлетние"" облигации федерального займа",F,,2.0000,3.0000,1136.0,1360.0,-5.0000,,-0.00438,,
2020-05-18,OFZ2,"Фьючерсный контракт на ""двухлетние"" облигации федерального займа",F,1.0000,11.000,5.0000,333.00,109.00,-5.0000,-10.000,-0.01479,-0.08403,
2020-05-18,OFZ4,"Фьючерсный контракт на ""четырехлетние"" облигации федерального займа",F,1.0000,12.000,3.0000,247.00,150.00,5.0000,-29.000,0.02066,-0.16201,
2020-05-18,OFZ4,"Фьючерсный контракт на ""четырехлетние"" облигации федерального займа",F,,1.0000,4.0000,1813.0,1910.0,-39.000,-5.0000,-0.02106,-0.00261,
2020-05-18,RTKM,"Фьючерсный контракт на обыкновенные акции ПАО ""Ростелеком""",F,,3.0000,8.0000,581.00,386.00,-59.000,10.000,-0.09219,0.02660,
2020-05-18,RTKM,"Фьючерсный контракт на обыкновенные акции ПАО ""Ростелеком""",F,1.0000,48.000,23.000,635.00,830.00,-8.0000,-77.000,-0.01244,-0.08490,
2020-05-18,MIX,Опцион на Фьючерсный контракт на Индекс МосБиржи,C,1.0000,2.0000,2.0000,5.0000,6.0000,,,,,
2020-05-18,MIX,Фьючерсный контракт на Индекс МосБиржи,F,1.0000,275.00,488.00,4870.0,2333.0,766.00,26.000,0.18665,0.01127,
2020-05-18,MIX,Фьючерсный контракт на Индекс МосБиржи,F,,24.000,15.000,7719.0,10256,-417.00,323.00,-0.05125,0.03252,
2020-05-18,MIX,Опцион на Фьючерсный контракт на Индекс МосБиржи,P,,,1.0000,100.00,,,,,,
2020-05-18,MIX,Опцион на Фьючерсный контракт на Индекс МосБиржи,P,1.0000,6.0000,5.0000,13.000,113.00,,,,,
2020-05-18,MIX,Опцион на Фьючерсный контракт на Индекс МосБиржи,C,,,1.0000,1.0000,,,,,,
2020-05-18,OFZ6,"Фьючерсный контракт на ""шестилетние"" облигации федерального займа",F,1.0000,11.000,9.0000,845.00,63.000,118.00,-82.000,0.16231,-0.56552,
2020-05-18,OFZ6,"Фьючерсный контракт на ""шестилетние"" облигации федерального займа",F,,2.0000,3.0000,2626.0,3408.0,-205.00,-5.0000,-0.07241,-0.00146,
2020-05-18,OF10,"Фьючерсный контракт на ""десятилетние"" облигации федерального займа",F,,2.0000,3.0000,6091.0,5371.0,-32.000,160.00,-0.00523,0.03070,
2020-05-18,OF10,"Фьючерсный контракт на ""десятилетние"" облигации федерального займа",F,1.0000,20.000,19.000,1081.0,1801.0,-272.00,-464.00,-0.20103,-0.20486,
2020-05-18,OF15,"Фьючерсный контракт на ""пятнадцатилетние"" облигации федерального займа",F,1.0000,19.000,11.000,2075.0,522.00,-23.000,341.00,-0.01096,1.8840,
2020-05-18,OF15,"Фьючерсный контракт на ""пятнадцатилетние"" облигации федерального займа",F,,3.0000,3.0000,1520.0,3073.0,-137.00,-501.00,-0.08268,-0.14018,
2020-05-18,UJPY,Фьючерсный контракт на курс доллар США - японская йена,F,1.0000,104.00,173.00,1605.0,2822.0,10.000,384.00,0.00627,0.15751,
2020-05-18,UJPY,Фьючерсный контракт на курс доллар США - японская йена,F,,4.0000,4.0000,3428.0,2211.0,-30.000,-404.00,-0.00868,-0.15449,
2020-05-18,UCHF,Фьючерсный контракт на курс доллар США - швейцарский франк,F,,1.0000,2.0000,1729.0,1763.0,,-14.000,,-0.00788,
2020-05-18,UCHF,Фьючерсный контракт на курс доллар США - швейцарский франк,F,1.0000,16.000,15.000,113.00,79.000,-14.000,,-0.11024,,
2020-05-18,MOEX,Опцион на Фьючерсный контракт на обыкновенные акции ПАО Московская Биржа,P,,,1.0000,535.00,,,,,,
2020-05-18,MOEX,Фьючерсный контракт на обыкновенные акции ПАО Московская Биржа,F,,8.0000,10.000,2128.0,5188.0,90.000,-1215.0,0.04416,-0.18975,
2020-05-18,MOEX,Опцион на Фьючерсный контракт на обыкновенные акции ПАО Московская Биржа,C,1.0000,1.0000,2.0000,2.0000,2.0000,,,,,
2020-05-18,MOEX,Опцион на Фьючерсный контракт на обыкновенные акции ПАО Московская Биржа,P,1.0000,7.0000,4.0000,75.000,610.00,,,,,
2020-05-18,MOEX,Фьючерсный контракт на обыкновенные акции ПАО Московская Биржа,F,1.0000,170.00,216.00,6942.0,3882.0,-687.00,618.00,-0.09005,0.18934,
2020-05-18,MGNT,"Опцион на Фьючерсный контракт на обыкновенные акции ПАО ""Магнит""",C,,1.0000,2.0000,528.00,522.00,,,,,
2020-05-18,MGNT,"Фьючерсный контракт на обыкновенные акции ПАО ""Магнит""",F,1.0000,504.00,277.00,15334,36367,260.00,1377.0,0.01725,0.03935,
2020-05-18,MGNT,"Опцион на Фьючерсный контракт на обыкновенные акции ПАО ""Магнит""",P,1.0000,9.0000,5.0000,146.00,140.00,,,,,
2020-05-18,MGNT,"Опцион на Фьючерсный контракт на обыкновенные акции ПАО ""Магнит""",P,,1.0000,,,6.0000,,,,,
2020-05-18,MGNT,"Опцион на Фьючерсный контракт на обыкновенные акции ПАО ""Магнит""",C,1.0000,15.000,18.000,970.00,976.00,18.000,18.000,0.01891,0.01879,
2020-05-18,MGNT,"Фьючерсный контракт на обыкновенные акции ПАО ""Магнит""",F,,16.000,16.000,39013,17980,7586.0,6469.0,0.24138,0.56198,
2020-05-18,RVI,Фьючерсный контракт на волатильность российского рынка,F,1.0000,14.000,6.0000,110.00,110.00,-1.0000,-1.0000,-0.00901,-0.00901,
2020-05-18,UCAD,Фьючерсный контракт на курс доллар США - канадский доллар,F,,1.0000,2.0000,711.00,1677.0,-43.000,,-0.05703,,
2020-05-18,UCAD,Фьючерсный контракт на курс доллар США - канадский доллар,F,1.0000,16.000,27.000,1025.0,59.000,49.000,6.0000,0.05020,0.11321,
2020-05-18,MXI,Фьючерсный контракт на Индекс МосБиржи (мини),F,1.0000,408.00,842.00,9235.0,4028.0,391.00,260.00,0.04421,0.06900,
2020-05-18,MXI,Опцион на Фьючерсный контракт на Индекс МосБиржи (мини),C,1.0000,5.0000,3.0000,11.000,11.000,1.0000,1.0000,0.10000,0.10000,
2020-05-18,MXI,Фьючерсный контракт на Индекс МосБиржи (мини),F,,12.000,16.000,13500,18707,803.00,934.00,0.06324,0.05255,
2020-05-18,MXI,Опцион на Фьючерсный контракт на Индекс МосБиржи (мини),P,1.0000,8.0000,2.0000,26.000,26.000,1.0000,1.0000,0.04000,0.04000,
2020-05-18,RUON,Фьючерсный контракт на ставку RUONIA,F,,4.0000,3.0000,6984.0,10696,3.0000,-1.0000,0.00043,-0.00009,
2020-05-18,RUON,Фьючерсный контракт на ставку RUONIA,F,1.0000,7.0000,7.0000,3994.0,282.00,-2.0000,2.0000,-0.00050,0.00714,
2020-05-18,ALRS,"Опцион на Фьючерсный контракт на обыкновенные акции АК ""АЛРОСА"" (ПАО)",C,1.0000,1.0000,1.0000,1.0000,1.0000,,,,,
2020-05-18,ALRS,"Фьючерсный контракт на обыкновенные акции АК ""АЛРОСА"" (ПАО)",F,,4.0000,13.000,8480.0,87.000,72.000,23.000,0.00856,0.35938,
2020-05-18,ALRS,"Опцион на Фьючерсный контракт на обыкновенные акции АК ""АЛРОСА"" (ПАО)",P,1.0000,3.0000,3.0000,9.0000,9.0000,,,,,
2020-05-18,ALRS,"Фьючерсный контракт на обыкновенные акции АК ""АЛРОСА"" (ПАО)",F,1.0000,231.00,137.00,2691.0,11084,-260.00,-211.00,-0.08811,-0.01868,
2020-05-18,AFLT,"Фьючерсный контракт на  обыкновенные акции ПАО ""Аэрофлот""",F,,13.000,8.0000,4203.0,14356,237.00,374.00,0.05976,0.02675,
2020-05-18,AFLT,"Опцион на Фьючерсный контракт на  обыкновенные акции ПАО ""Аэрофлот""",P,1.0000,1.0000,2.0000,2.0000,2.0000,,,,,
2020-05-18,AFLT,"Фьючерсный контракт на  обыкновенные акции ПАО ""Аэрофлот""",F,1.0000,325.00,417.00,21516,11363,-289.00,-426.00,-0.01325,-0.03614,
2020-05-18,CL,Фьючерсный контракт на нефть Light Sweet Crude Oil,F,1.0000,42.000,115.00,2384.0,950.00,-62.000,-168.00,-0.02535,-0.15027,
2020-05-18,CL,Опцион на Фьючерсный контракт на нефть Light Sweet Crude Oil,P,1.0000,1.0000,1.0000,1.0000,1.0000,,,,,
2020-05-18,CL,Фьючерсный контракт на нефть Light Sweet Crude Oil,F,,4.0000,5.0000,4669.0,6103.0,-18.000,88.000,-0.00384,0.01463,
2020-05-18,GLD,Фьючерсный поставочный контракт на золото,F,1.0000,2.0000,1.0000,1.0000,2.0000,-1.0000,,-0.50000,,
2020-05-18,GLD,Фьючерсный поставочный контракт на золото,F,,,1.0000,1.0000,,,,,,
2020-05-18,MAGN,"Фьючерсный контракт на обыкновенные акции ПАО ""ММК""",F,1.0000,23.000,24.000,90.000,165.00,-4.0000,6.0000,-0.04255,0.03774,
2020-05-18,MAGN,"Фьючерсный контракт на обыкновенные акции ПАО ""ММК""",F,,2.0000,2.0000,184.00,109.00,,-10.000,,-0.08403,
2020-05-18,PLZL,"Фьючерсный контракт на обыкновенные акции ПАО ""Полюс""",F,,5.0000,2.0000,11.000,135.00,-2.0000,-3.0000,-0.15385,-0.02174,
2020-05-18,PLZL,"Фьючерсный контракт на обыкновенные акции ПАО ""Полюс""",F,1.0000,27.000,66.000,312.00,188.00,8.0000,9.0000,0.02632,0.05028,
2020-05-18,1MFR,Фьючерсный контракт на ставку RUSFAR,F,,3.0000,2.0000,1286.0,1459.0,-2.0000,,-0.00155,,
2020-05-18,1MFR,Фьючерсный контракт на ставку RUSFAR,F,1.0000,3.0000,2.0000,205.00,32.000,2.0000,,0.00985,,
2020-05-18,NG,Фьючерсный контракт на природный газ,F,,,1.0000,9182.0,,-4297.0,,-0.31879,,
2020-05-18,NG,Фьючерсный контракт на природный газ,F,1.0000,399.00,111.00,1286.0,10468,593.00,-3704.0,0.85570,-0.26136,
2020-05-18,1MDR,Фьючерсный контракт на ставку RUSFARUSD,F,,2.0000,2.0000,65.000,65.000,,,,,
2020-05-18,YNDF,"Фьючерсный контракт на обыкновенные акции ""Яндекс Н.В.""",F,,4.0000,4.0000,145.00,67.000,28.000,-26.000,0.23932,-0.27957,
2020-05-18,YNDF,"Фьючерсный контракт на обыкновенные акции ""Яндекс Н.В.""",F,1.0000,55.000,27.000,515.00,593.00,-39.000,15.000,-0.07040,0.02595,
2020-05-18,Si,Фьючерсный контракт на курс доллар США - российский рубль,F,,203.00,127.00,715714,509210,-46701,30357,-0.06125,0.06340,
2020-05-18,Si,Опцион на Фьючерсный контракт на курс доллар США - российский рубль,C,,38.000,31.000,275619,114095,2504.0,1115.0,0.00917,0.00987,
2020-05-18,Si,Опцион на Фьючерсный контракт на курс доллар США - российский рубль,P,,23.000,21.000,131208,154752,-364.00,1460.0,-0.00277,0.00952,
2020-05-18,Si,Фьючерсный контракт на курс доллар США - российский рубль,F,1.0000,9075.0,5386.0,252156,458660,80785,3727.0,0.47140,0.00819,
2020-05-18,Si,Опцион на Фьючерсный контракт на курс доллар США - российский рубль,C,1.0000,1577.0,643.00,167661,329185,5675.0,7064.0,0.03503,0.02193,
2020-05-18,Si,Опцион на Фьючерсный контракт на курс доллар США - российский рубль,P,1.0000,1027.0,563.00,197291,173747,2206.0,382.00,0.01131,0.00220,
2020-05-18,GAZR,"Фьючерсный контракт на обыкновенные акции ПАО ""Газпром""",F,,75.000,34.000,71914,11271,15490,-3085.0,0.27453,-0.21489,
2020-05-18,GAZR,"Опцион на Фьючерсный контракт на обыкновенные акции ПАО ""Газпром""",P,,4.0000,5.0000,1707.0,141.00,3.0000,6.0000,0.00176,0.04444,
2020-05-18,GAZR,"Опцион на Фьючерсный контракт на обыкновенные акции ПАО ""Газпром""",C,,4.0000,8.0000,2840.0,1401.0,,53.000,,0.03932,
2020-05-18,GAZR,"Фьючерсный контракт на обыкновенные акции ПАО ""Газпром""",F,1.0000,1575.0,1040.0,22083,82726,-1278.0,17297,-0.05471,0.26436,
2020-05-18,GAZR,"Опцион на Фьючерсный контракт на обыкновенные акции ПАО ""Газпром""",C,1.0000,104.00,101.00,6520.0,7959.0,1586.0,1533.0,0.32144,0.23856,
2020-05-18,GAZR,"Опцион на Фьючерсный контракт на обыкновенные акции ПАО ""Газпром""",P,1.0000,96.000,55.000,2290.0,3856.0,36.000,33.000,0.01597,0.00863,
2020-05-18,SNGR,"Фьючерсный контракт на обыкновенные акции ПАО ""Сургутнефтегаз""",F,1.0000,179.00,126.00,3048.0,4004.0,-243.00,-1776.0,-0.07384,-0.30727,
2020-05-18,SNGR,"Опцион на Фьючерсный контракт на обыкновенные акции ПАО ""Сургутнефтегаз""",C,1.0000,3.0000,2.0000,58.000,58.000,,,,,
2020-05-18,SNGR,"Опцион на Фьючерсный контракт на обыкновенные акции ПАО ""Сургутнефтегаз""",P,1.0000,1.0000,1.0000,1.0000,1.0000,,,,,
2020-05-18,SNGR,"Фьючерсный контракт на обыкновенные акции ПАО ""Сургутнефтегаз""",F,,8.0000,13.000,1827.0,871.00,-2424.0,-891.00,-0.57022,-0.50568,
2020-05-18,LKOH,"Опцион на Фьючерсный контракт на обыкновенные акции ПАО ""НК ""ЛУКОЙЛ""",C,,3.0000,3.0000,2160.0,698.00,,,,,
2020-05-18,LKOH,"Опцион на Фьючерсный контракт на обыкновенные акции ПАО ""НК ""ЛУКОЙЛ""",P,1.0000,7.0000,10.000,30.000,36.000,5.0000,5.0000,0.20000,0.16129,
2020-05-18,LKOH,"Фьючерсный контракт на обыкновенные акции ПАО ""НК ""ЛУКОЙЛ""",F,,27.000,16.000,9205.0,9355.0,177.00,2185.0,0.01961,0.30474,
2020-05-18,LKOH,"Опцион на Фьючерсный контракт на обыкновенные акции ПАО ""НК ""ЛУКОЙЛ""",C,1.0000,31.000,31.000,963.00,2425.0,33.000,33.000,0.03548,0.01380,
2020-05-18,LKOH,"Опцион на Фьючерсный контракт на обыкновенные акции ПАО ""НК ""ЛУКОЙЛ""",P,,1.0000,1.0000,19.000,13.000,,,,,
2020-05-18,LKOH,"Фьючерсный контракт на обыкновенные акции ПАО ""НК ""ЛУКОЙЛ""",F,1.0000,420.00,367.00,6382.0,6232.0,1137.0,-871.00,0.21678,-0.12262,
2020-05-18,GMKR,"Опцион на Фьючерсный контракт на обыкновенные акции ПАО ""ГМК ""Норильский никель""",C,1.0000,8.0000,8.0000,75.000,75.000,,,,,
2020-05-18,GMKR,"Опцион на Фьючерсный контракт на обыкновенные акции ПАО ""ГМК ""Норильский никель""",P,,2.0000,3.0000,2003.0,2009.0,,,,,
2020-05-18,GMKR,"Фьючерсный контракт на обыкновенные акции ПАО ""ГМК ""Норильский никель""",F,,19.000,13.000,5229.0,5786.0,207.00,278.00,0.04122,0.05047,
2020-05-18,GMKR,"Опцион на Фьючерсный контракт на обыкновенные акции ПАО ""ГМК ""Норильский никель""",P,1.0000,4.0000,4.0000,13.000,7.0000,,,,,
2020-05-18,GMKR,"Фьючерсный контракт на обыкновенные акции ПАО ""ГМК ""Норильский никель""",F,1.0000,122.00,228.00,1477.0,920.00,276.00,205.00,0.22981,0.28671,
2020-05-18,GMKR,"Опцион на Фьючерсный контракт на обыкновенные акции ПАО ""ГМК ""Норильский никель""",C,,3.0000,3.0000,2064.0,2064.0,,,,,
2020-05-18,RTS,Опцион на Фьючерсный контракт на Индекс РТС,C,1.0000,1239.0,711.00,44476,67679,6017.0,3568.0,0.15645,0.05565,
2020-05-18,RTS,Опцион на Фьючерсный контракт на Индекс РТС,P,1.0000,1848.0,681.00,70218,94898,8520.0,12282,0.13809,0.14866,
2020-05-18,RTS,Фьючерсный контракт на Индекс РТС,F,,102.00,103.00,121852,167509,4699.0,15939,0.04011,0.10516,
2020-05-18,RTS,Фьючерсный контракт на Индекс РТС,F,1.0000,2629.0,4574.0,83382,37725,14177,2937.0,0.20486,0.08443,
2020-05-18,RTS,Опцион на Фьючерсный контракт на Индекс РТС,P,,32.000,32.000,38313,13633,3323.0,-439.00,0.09497,-0.03120,
2020-05-18,RTS,Опцион на Фьючерсный контракт на Индекс РТС,C,,34.000,41.000,52370,29167,-168.00,2281.0,-0.00320,0.08484,
2020-05-18,GOLD,Опцион на Фьючерсный контракт на аффинированное золото в слитках,P,1.0000,110.00,42.000,1152.0,1167.0,30.000,30.000,0.02674,0.02639,
2020-05-18,GOLD,Фьючерсный контракт на аффинированное золото в слитках,F,1.0000,2788.0,1164.0,17585,46318,-4586.0,1202.0,-0.20685,0.02664,
2020-05-18,GOLD,Опцион на Фьючерсный контракт на аффинированное золото в слитках,C,1.0000,107.00,65.000,1646.0,1640.0,-69.000,-69.000,-0.04023,-0.04037,
2020-05-18,GOLD,Опцион на Фьючерсный контракт на аффинированное золото в слитках,C,,3.0000,5.0000,574.00,580.00,,,,,
2020-05-18,GOLD,Опцион на Фьючерсный контракт на аффинированное золото в слитках,P,,1.0000,1.0000,17.000,2.0000,,,,,
2020-05-18,GOLD,Фьючерсный контракт на аффинированное золото в слитках,F,,51.000,19.000,61658,32925,-6630.0,-12418,-0.09709,-0.27387,
2020-05-18,ROSN,"Фьючерсный контракт на обыкновенные акции ПАО ""НК ""Роснефть""",F,,24.000,10.000,2526.0,3587.0,-380.00,105.00,-0.13076,0.03016,
2020-05-18,ROSN,"Опцион на Фьючерсный контракт на обыкновенные акции ПАО ""НК ""Роснефть""",C,1.0000,5.0000,5.0000,188.00,188.00,,,,,
2020-05-18,ROSN,"Опцион на Фьючерсный контракт на обыкновенные акции ПАО ""НК ""Роснефть""",P,1.0000,1.0000,1.0000,1.0000,1.0000,,,,,
2020-05-18,ROSN,"Фьючерсный контракт на обыкновенные акции ПАО ""НК ""Роснефть""",F,1.0000,251.00,283.00,3815.0,2754.0,288.00,-197.00,0.08166,-0.06676,
2020-05-18,ROSN,"Опцион на Фьючерсный контракт на обыкновенные акции ПАО ""НК ""Роснефть""",C,,2.0000,2.0000,187.00,187.00,,,,,
2020-05-18,MTSI,"Опцион на Фьючерсный контракт на обыкновенные акции ПАО ""МТС""",C,1.0000,2.0000,2.0000,13.000,58.000,,,,,
2020-05-18,MTSI,"Фьючерсный контракт на обыкновенные акции ПАО ""МТС""",F,,6.0000,5.0000,1222.0,537.00,-6.0000,1.0000,-0.00489,0.00187,
2020-05-18,MTSI,"Опцион на Фьючерсный контракт на обыкновенные акции ПАО ""МТС""",P,1.0000,5.0000,2.0000,156.00,1796.0,,,,,
2020-05-18,MTSI,"Фьючерсный контракт на обыкновенные акции ПАО ""МТС""",F,1.0000,76.000,48.000,433.00,1118.0,3.0000,-4.0000,0.00698,-0.00357,
2020-05-18,MTSI,"Опцион на Фьючерсный контракт на обыкновенные акции ПАО ""МТС""",C,,,1.0000,45.000,,,,,,
2020-05-18,MTSI,"Опцион на Фьючерсный контракт на обыкновенные акции ПАО ""МТС""",P,,,1.0000,1640.0,,,,,,
2020-05-18,NOTK,"Опцион на Фьючерсный контракт на обыкновенные акции ПАО ""НОВАТЭК""",P,1.0000,1.0000,2.0000,7.0000,7.0000,,,,,
2020-05-18,NOTK,"Фьючерсный контракт на обыкновенные акции ПАО ""НОВАТЭК""",F,,4.0000,6.0000,228.00,155.00,33.000,-32.000,0.16923,-0.17112,
2020-05-18,NOTK,"Фьючерсный контракт на обыкновенные акции ПАО ""НОВАТЭК""",F,1.0000,39.000,59.000,173.00,246.00,-62.000,3.0000,-0.26383,0.01235,
2020-05-18,TRNF,"Фьючерсный контракт на привилегированные акции ПАО ""Транснефть""",F,,1.0000,5.0000,101.00,49.000,9.0000,-1.0000,0.09783,-0.02000,
2020-05-18,TRNF,"Фьючерсный контракт на привилегированные акции ПАО ""Транснефть""",F,1.0000,37.000,20.000,52.000,104.00,4.0000,14.000,0.08333,0.15556,
2020-05-18,SILV,Опцион на Фьючерсный контракт на аффинированное серебро в слитках,C,1.0000,14.000,11.000,48.000,47.000,1.0000,1.0000,0.02128,0.02174,
2020-05-18,SILV,Опцион на Фьючерсный контракт на аффинированное серебро в слитках,P,,,1.0000,1.0000,,,,,,
2020-05-18,SILV,Фьючерсный контракт на аффинированное серебро в слитках,F,1.0000,1812.0,551.00,12500,61193,-624.00,-2707.0,-0.04755,-0.04236,
2020-05-18,SILV,Фьючерсный контракт на аффинированное серебро в слитках,F,,17.000,11.000,207253,158560,11499,13582,0.05874,0.09368,
2020-05-18,SILV,Опцион на Фьючерсный контракт на аффинированное серебро в слитках,P,1.0000,12.000,12.000,160.00,161.00,,,,,
2020-05-18,SILV,Опцион на Фьючерсный контракт на аффинированное серебро в слитках,C,,1.0000,,,1.0000,,,,,
2020-05-18,MOPR,Фьючерсный контракт на ставку MosPrime,F,1.0000,1.0000,1.0000,1.0000,1.0000,,,,,
2020-05-18,VTBR,Опцион на Фьючерсный контракт на обыкновенные акции Банк ВТБ (ПАО),C,1.0000,69.000,36.000,9627.0,16268,779.00,779.00,0.08804,0.05029,
2020-05-18,VTBR,Опцион на Фьючерсный контракт на обыкновенные акции Банк ВТБ (ПАО),P,1.0000,53.000,31.000,3882.0,9094.0,-7.0000,-7.0000,-0.00180,-0.00077,
2020-05-18,VTBR,Фьючерсный контракт на обыкновенные акции Банк ВТБ (ПАО),F,,14.000,29.000,53670,4053.0,-2146.0,-2009.0,-0.03845,-0.33141,
2020-05-18,VTBR,Опцион на Фьючерсный контракт на обыкновенные акции Банк ВТБ (ПАО),C,,3.0000,3.0000,7629.0,988.00,,,,,
2020-05-18,VTBR,Фьючерсный контракт на обыкновенные акции Банк ВТБ (ПАО),F,1.0000,1388.0,760.00,31274,80891,4294.0,4157.0,0.15915,0.05417,
2020-05-18,VTBR,Опцион на Фьючерсный контракт на обыкновенные акции Банк ВТБ (ПАО),P,,,2.0000,5212.0,,,,,,
2020-05-18,SBRF,Опцион на Фьючерсный контракт на обыкновенные акции ПАО Сбербанк,C,1.0000,251.00,176.00,6733.0,7088.0,523.00,677.00,0.08422,0.10560,
2020-05-18,SBRF,Фьючерсный контракт на обыкновенные акции ПАО Сбербанк,F,,53.000,50.000,119416,48201,29948,-5508.0,0.33473,-0.10255,
2020-05-18,SBRF,Опцион на Фьючерсный контракт на обыкновенные акции ПАО Сбербанк,P,,4.0000,6.0000,1980.0,317.00,110.00,163.00,0.05882,1.0584,
2020-05-18,SBRF,Фьючерсный контракт на обыкновенные акции ПАО Сбербанк,F,1.0000,3141.0,1406.0,37401,108616,-19381,16075,-0.34132,0.17371,
2020-05-18,SBRF,Опцион на Фьючерсный контракт на обыкновенные акции ПАО Сбербанк,P,1.0000,195.00,170.00,9703.0,11366,395.00,342.00,0.04244,0.03102,
2020-05-18,SBRF,Опцион на Фьючерсный контракт на обыкновенные акции ПАО Сбербанк,C,,6.0000,8.0000,1471.0,1116.0,166.00,12.000,0.12720,0.01087,
2020-05-18,SBPR,Фьючерсный контракт на привилегированные акции ПАО Сбербанк,F,1.0000,252.00,174.00,6937.0,3982.0,-14.000,-639.00,-0.00201,-0.13828,
2020-05-18,SBPR,Опцион на Фьючерсный контракт на привилегированные акции ПАО Сбербанк,P,1.0000,5.0000,2.0000,31.000,21.000,,,,,
2020-05-18,SBPR,Фьючерсный контракт на привилегированные акции ПАО Сбербанк,F,,18.000,13.000,14710,17665,-1238.0,-613.00,-0.07763,-0.03354,
2020-05-18,SBPR,Опцион на Фьючерсный контракт на привилегированные акции ПАО Сбербанк,P,,1.0000,,,10.000,,,,,
2020-05-18,SBPR,Опцион на Фьючерсный контракт на привилегированные акции ПАО Сбербанк,C,1.0000,2.0000,1.0000,6.0000,6.0000,1.0000,1.0000,0.20000,0.20000,
